Lead_ID,Predicted_Conversion,Prediction_Probability
198420026,0,0.0
201321184,0,0.0
197557757,0,0.04
197556785,0,0.0
203034281,0,0.0
197566530,0,0.01
202729998,0,0.0
202601195,0,0.0
197302745,0,0.01
200503490,0,0.0
200884466,0,0.02
202730036,0,0.0
203038269,0,0.0
201182101,0,0.0
199868088,0,0.0
201320134,0,0.0
198068661,1,0.76
197557769,0,0.02
202732294,0,0.0
199872435,0,0.01
199657553,0,0.0
197307409,0,0.0
197554066,0,0.0
201035705,0,0.01
197301542,0,0.04
201183221,1,0.76
199608759,0,0.0
198735454,0,0.0
197707430,1,0.98
200962520,0,0.0
198523593,0,0.03
203037609,0,0.0
202189952,0,0.0
199918078,0,0.0
200188519,0,0.48
198729044,0,0.0
201933085,0,0.0
198462082,0,0.0
197071690,0,0.0
197059439,0,0.0
202476605,0,0.0
200389400,0,0.0
198735533,0,0.01
201476576,0,0.0
199526307,1,0.6
202730027,0,0.01
201468495,0,0.13
197821841,0,0.0
201629742,0,0.0
200193633,0,0.0
201046077,0,0.0
199936468,0,0.0
200390732,0,0.0
201038850,0,0.0
199523947,1,0.79
201469474,0,0.0
201192003,1,0.83
197823554,0,0.02
200182741,0,0.0
201472561,0,0.04
201187059,0,0.01
197205684,0,0.0
200182746,0,0.0
197813057,0,0.0
197297628,0,0.01
200433542,0,0.16
201318384,0,0.15
200952505,0,0.0
202189979,0,0.01
201187292,0,0.0
203034260,0,0.0
198685281,0,0.0
202731303,0,0.0
202198397,0,0.0
200177930,0,0.01
200804649,0,0.0
202321383,0,0.01
200191518,0,0.0
197323338,0,0.01
197238574,0,0.0
203034074,0,0.0
199710565,0,0.0
197589396,0,0.01
197502871,0,0.0
201317125,1,0.76
197302846,0,0.03
199711481,0,0.0
197459247,0,0.01
201320206,1,0.75
199308351,0,0.0
197821199,1,0.88
197492282,0,0.01
201779950,0,0.0
198203544,0,0.0
198732125,0,0.01
200552473,0,0.0
200868508,0,0.18
197554367,0,0.03
197058927,0,0.0
197811086,0,0.01
200552457,0,0.12
202916601,0,0.0
199590173,0,0.0
202731322,0,0.0
202327312,0,0.0
198207010,0,0.0
197301473,0,0.0
203034097,0,0.0
203034408,0,0.0
201318056,0,0.47
202069604,0,0.05
201943673,0,0.0
198063146,0,0.39
201933095,0,0.02
201468959,0,0.0
202328314,0,0.04
197634475,0,0.01
201045411,0,0.32
197059374,0,0.0
200090755,0,0.27
197813712,0,0.17
200301376,0,0.0
200092427,0,0.0
199578321,0,0.01
201211871,0,0.01
197222097,0,0.17
202069513,0,0.0
201946469,0,0.0
201042577,1,0.61
201321104,0,0.0
200931134,0,0.02
197490928,0,0.0
202324288,0,0.01
201319993,0,0.1
199506185,1,0.88
202604312,0,0.0
202069471,0,0.0
200624144,0,0.49
202079039,0,0.19
200865440,0,0.0
202198553,0,0.0
200116996,0,0.03
199233263,1,0.95
201476558,1,0.73
202731137,0,0.0
202328677,0,0.0
197579246,0,0.0
201318086,0,0.0
201622916,0,0.0
201621236,1,0.57
198063402,0,0.0
197494984,0,0.01
201785390,0,0.09
201317521,0,0.34
198967612,0,0.0
202069293,0,0.1
199627829,0,0.0
198054759,0,0.02
197302919,0,0.0
201767380,0,0.0
197300512,0,0.0
197815273,0,0.0
202191497,0,0.0
202079118,0,0.0
199598812,0,0.0
201472253,0,0.0
200930625,0,0.0
197301255,0,0.0
202917003,0,0.02
199519955,1,0.78
197080523,0,0.01
202071343,0,0.01
201035481,0,0.41
198943648,0,0.01
202478248,0,0.03
201789415,0,0.0
197813262,0,0.0
201621393,1,0.7
202064485,0,0.48
202193006,0,0.0
203033962,0,0.0
201320304,1,0.77
202328811,0,0.0
200432669,0,0.0
198289534,0,0.0
199502587,0,0.15
201476410,0,0.0
200117326,0,0.0
202194923,0,0.15
199305800,0,0.0
199709687,0,0.0
197286276,0,0.0
201472273,0,0.0
200569595,0,0.0
202731168,0,0.0
201946467,0,0.01
199358097,0,0.0
202191321,0,0.0
202464161,0,0.03
201180643,0,0.0
201184804,0,0.02
201195315,0,0.13
197071831,0,0.01
197217479,0,0.02
198682615,0,0.01
201952263,0,0.0
202188002,0,0.06
200112156,0,0.01
202191318,0,0.0
198051180,0,0.08
202734161,0,0.0
202917167,0,0.01
201782968,0,0.02
199618552,0,0.01
201177279,1,0.95
202731344,0,0.0
197554254,0,0.0
201468802,0,0.19
202328238,0,0.0
199914745,0,0.01
202730301,0,0.01
201038912,0,0.0
203034065,0,0.11
197077034,0,0.01
201225178,0,0.0
197244493,0,0.01
198523596,0,0.06
202190039,0,0.0
198732586,0,0.02
197557709,0,0.0
201182184,0,0.0
200122153,0,0.02
197251100,0,0.01
201042459,1,0.62
201191033,0,0.0
201184920,0,0.01
201320175,0,0.01
197557587,0,0.02
201933647,0,0.01
202905805,0,0.0
202190348,0,0.0
197556995,0,0.0
201101469,0,0.0
200972776,0,0.0
197821192,0,0.01
202069286,0,0.0
200953909,0,0.0
203037638,0,0.0
198292798,0,0.0
202917256,0,0.01
201943772,0,0.0
197748115,0,0.02
197504851,0,0.05
201321159,0,0.0
200857005,0,0.0
197812353,0,0.0
200721620,0,0.0
202731157,0,0.0
200117782,0,0.01
201468444,1,0.76
201933572,0,0.0
202729773,0,0.03
202480327,1,0.58
202604280,0,0.0
202604237,0,0.0
201952216,0,0.0
202327878,0,0.06
202478210,0,0.0
201465546,1,0.52
197579573,0,0.0
197578497,0,0.0
197499641,0,0.09
197301535,0,0.01
200949330,0,0.01
202916841,0,0.0
202069556,0,0.0
197299332,0,0.0
201785408,0,0.0
200180515,0,0.0
200661448,0,0.21
201333045,0,0.0
197813245,0,0.0
200114075,0,0.0
201783746,0,0.0
202604423,0,0.0
202601029,1,0.85
197557624,0,0.04
199782085,0,0.0
200960276,0,0.0
201943745,0,0.0
197248165,0,0.01
197447063,0,0.0
200555108,0,0.0
201320152,0,0.01
197552375,0,0.0
202075563,0,0.0
201933108,0,0.0
203033284,0,0.01
200020665,0,0.0
202916855,0,0.0
201184871,0,0.0
200963882,0,0.0
202325353,0,0.0
200737086,0,0.13
201181952,0,0.0
202328650,0,0.0
200950434,0,0.02
197814524,0,0.0
202190203,0,0.0
201933230,0,0.0
202729979,0,0.0
202069842,0,0.01
201943598,0,0.0
200105410,0,0.0
197314463,0,0.0
198437988,0,0.01
202919984,0,0.0
201100629,0,0.0
202734177,0,0.0
202480169,0,0.01
201182104,0,0.0
200394142,0,0.03
202069285,0,0.0
200930720,0,0.0
199813292,0,0.01
200568450,0,0.0
202477474,0,0.01
200191194,0,0.01
198685580,0,0.0
199629691,0,0.0
197813699,0,0.0
201933113,0,0.0
201192553,0,0.0
199516633,1,0.58
202717568,0,0.0
203034763,0,0.0
198939115,0,0.08
198844891,0,0.0
201468369,0,0.01
200448253,0,0.0
201931020,0,0.0
197561816,0,0.02
199574115,0,0.0
202731274,0,0.0
197557062,0,0.0
201203875,0,0.0
202919790,0,0.0
197823190,0,0.0
199936514,0,0.0
198299850,0,0.02
201102519,0,0.05
201470601,0,0.0
199769219,0,0.0
202479712,0,0.39
201623310,0,0.0
201189252,0,0.0
202477296,0,0.0
199506733,0,0.0
197822777,0,0.0
201219957,0,0.02
197578469,0,0.01
199595788,0,0.0
198530224,0,0.01
200020659,0,0.02
197084390,0,0.01
201321178,0,0.0
202481177,0,0.02
197823496,1,0.69
197077033,0,0.0
198960596,0,0.01
199513148,0,0.0
201476427,0,0.0
197302786,0,0.01
201932972,0,0.0
201619759,0,0.0
203034349,0,0.01
197493900,0,0.0
202736344,0,0.0
197813703,0,0.0
201038869,0,0.01
202905801,1,0.81
202731062,0,0.0
202919808,0,0.01
197811243,0,0.0
199578080,0,0.0
197326655,0,0.01
202077662,0,0.0
200434846,0,0.14
201182762,0,0.0
198049379,0,0.0
202916856,0,0.0
200177979,0,0.01
197557767,0,0.12
200177554,0,0.03
197823160,0,0.0
201781196,0,0.0
201182172,0,0.0
197301549,0,0.01
201221519,0,0.0
197073222,0,0.12
197554120,0,0.01
202601047,0,0.0
199716294,0,0.0
202324950,0,0.0
202734170,0,0.0
201619817,0,0.02
197553301,0,0.04
199056080,0,0.0
202190415,0,0.0
201932402,0,0.0
200949583,0,0.01
202188306,0,0.01
200973420,0,0.19
200854957,1,0.82
201099684,0,0.0
201319612,1,0.87
197302853,0,0.0
202069844,0,0.01
201952238,0,0.0
198943659,0,0.02
201184928,1,0.64
200177544,0,0.02
200955900,0,0.0
197487407,0,0.0
201783631,0,0.0
202477846,0,0.0
197302887,0,0.0
200860271,0,0.0
201933253,0,0.01
197565638,0,0.0
203034543,0,0.0
203034303,0,0.0
200488006,0,0.0
200953973,0,0.0
203034515,0,0.03
200449687,0,0.0
200860269,0,0.02
201229018,0,0.0
197207356,0,0.01
199782084,0,0.0
201623072,0,0.01
201468335,0,0.02
197302870,0,0.0
197339347,0,0.06
197298739,0,0.0
201320033,0,0.0
202476198,0,0.02
200075092,0,0.46
197302801,0,0.0
197812948,0,0.01
197312290,0,0.12
198725309,0,0.0
200875184,0,0.0
199954735,0,0.0
202325902,0,0.0
197248972,0,0.02
201475485,1,0.76
198723719,0,0.02
202480250,0,0.0
201041952,0,0.0
197071717,0,0.0
202602019,0,0.0
201620481,0,0.0
202731118,0,0.04
200973360,0,0.11
200306069,1,0.95
199619866,0,0.02
203037495,0,0.0
199423341,0,0.0
200803338,0,0.02
199363262,0,0.0
201476304,0,0.0
201784903,0,0.0
202188576,1,0.72
201784937,0,0.0
201184939,0,0.0
197302940,0,0.02
197600691,0,0.02
201784855,1,0.87
201221602,0,0.0
197099242,0,0.0
202333709,0,0.0
202480215,1,0.86
199611325,0,0.0
200927512,0,0.0
202069803,0,0.0
200860275,0,0.01
197566658,0,0.01
201623052,0,0.0
197813682,0,0.3
200297741,0,0.05
201182346,0,0.0
203037374,0,0.01
202071317,0,0.0
201784198,0,0.0
201468786,0,0.07
197059514,0,0.0
199877572,0,0.01
203041202,0,0.0
199618994,0,0.01
200860256,0,0.0
197314445,0,0.02
202327532,0,0.02
197815254,0,0.04
199961137,0,0.01
197552471,0,0.02
202916809,0,0.23
199424547,0,0.0
197554323,1,0.9
197557641,0,0.01
201933144,0,0.02
199710542,0,0.0
201468976,0,0.0
198523602,0,0.07
197077557,0,0.32
200130524,0,0.01
200860325,0,0.0
201468052,0,0.01
201633177,0,0.05
199952460,0,0.0
198063428,0,0.0
202189926,0,0.0
197212284,0,0.0
198882413,0,0.0
197999640,0,0.0
199202545,0,0.01
200073761,0,0.0
201620568,0,0.0
201228718,0,0.08
202730278,1,0.87
199709665,0,0.01
197554436,0,0.01
202916977,0,0.0
197125784,0,0.0
198185208,0,0.08
198312500,0,0.0
202476175,0,0.01
201469956,0,0.0
203034234,0,0.0
200862867,0,0.01
199582629,0,0.0
197572849,0,0.0
202191302,0,0.0
197084196,0,0.0
203034361,0,0.0
202731228,0,0.0
200929515,0,0.0
202069179,0,0.0
197600514,0,0.07
201783682,0,0.0
199781884,1,0.76
197815195,0,0.01
202919971,0,0.01
197120920,0,0.01
199624298,0,0.0
198871252,0,0.02
201620543,0,0.01
197060674,0,0.13
197813136,0,0.0
202476361,0,0.0
200950198,0,0.02
201473691,0,0.0
201228717,0,0.0
202069948,0,0.12
198456084,0,0.01
198862786,0,0.02
197556768,0,0.04
199922167,0,0.01
202066398,0,0.02
197071692,0,0.0
197987864,0,0.0
197224057,0,0.0
197287447,0,0.01
201326708,0,0.0
201035764,0,0.0
201476388,0,0.1
202194905,0,0.0
201336508,0,0.0
199628619,0,0.0
198860933,0,0.0
201620743,0,0.02
202721201,0,0.0
197814501,0,0.01
200721665,1,0.58
201621293,0,0.0
200177557,0,0.0
197555816,0,0.0
198455813,0,0.0
197301163,0,0.0
201933173,0,0.02
197239883,0,0.0
202916762,0,0.0
202069800,0,0.01
198943657,0,0.02
197580823,1,0.73
198431840,0,0.01
200182743,0,0.01
203034521,0,0.0
202327321,0,0.0
201784988,0,0.0
201068113,0,0.0
201202995,0,0.0
198684947,0,0.05
202484440,0,0.0
197812331,0,0.0
197811226,0,0.0
202079033,0,0.0
200868321,0,0.0
197808475,0,0.0
201187058,1,0.8
199868638,1,0.71
202327830,0,0.01
198941030,0,0.01
197557804,0,0.04
201470447,0,0.0
202066167,0,0.0
200721615,0,0.01
200552100,0,0.01
203037600,0,0.18
197071741,0,0.0
200035256,0,0.0
200810078,0,0.02
201035779,0,0.0
197088981,0,0.09
199586102,1,0.68
202480307,0,0.0
197200723,0,0.01
197557000,0,0.0
199710545,0,0.0
199657330,0,0.0
201325261,0,0.0
202188897,1,0.93
203034088,0,0.23
197557042,0,0.0
197813692,0,0.0
199710543,0,0.0
201476379,0,0.0
200960470,1,0.79
199812499,0,0.0
198299233,0,0.0
202602501,0,0.1
199804390,0,0.0
199868186,1,0.68
197215421,0,0.03
201044568,0,0.0
201623054,0,0.07
200720449,0,0.04
198168945,0,0.01
199872186,0,0.02
200451395,0,0.0
202919861,0,0.0
202327834,0,0.0
202190363,0,0.0
202475638,0,0.0
197823121,0,0.0
197823119,0,0.0
201618875,0,0.01
203034344,0,0.0
199625214,0,0.01
202916822,0,0.0
200972961,0,0.0
197812330,1,0.94
200180316,0,0.0
198939771,0,0.39
202327495,0,0.0
201038606,1,0.66
200929173,0,0.04
201035990,0,0.0
197302861,0,0.0
201182115,0,0.0
202190439,0,0.0
202917253,0,0.01
200860083,0,0.01
197823523,0,0.01
200930182,0,0.0
202917271,0,0.0
199869035,0,0.0
202075574,0,0.2
199800939,0,0.0
197060738,0,0.09
197300691,0,0.0
197057485,0,0.0
197302926,0,0.01
197328697,0,0.0
197557805,0,0.01
202600301,0,0.0
197553512,0,0.0
197822029,0,0.13
197058480,0,0.01
199575672,0,0.0
197299214,0,0.01
201184953,0,0.0
201042510,0,0.02
200867773,0,0.0
201780075,0,0.24
199814187,0,0.01
197322159,0,0.02
201476560,0,0.0
199717838,0,0.01
202916968,0,0.0
197557646,0,0.0
202070955,0,0.0
201182008,0,0.0
201783875,0,0.11
197554974,0,0.0
200860239,0,0.0
199716264,0,0.01
199103609,1,0.64
201218919,0,0.0
197756353,0,0.12
202190364,0,0.0
197301477,0,0.0
201044369,0,0.02
199499727,0,0.0
197314399,0,0.48
198638946,0,0.12
202917147,0,0.0
198751882,0,0.03
202320586,0,0.0
201182117,0,0.0
200955023,0,0.0
197557012,0,0.01
201205412,0,0.01
203037605,0,0.0
197836552,0,0.03
201784899,0,0.0
201933560,0,0.0
203037540,0,0.0
201320056,0,0.0
202478353,0,0.0
203037670,0,0.0
201620418,0,0.02
197811770,1,0.62
201185032,0,0.0
199868612,0,0.02
202190289,0,0.0
201038896,0,0.0
201348487,0,0.0
201933209,0,0.0
203034396,0,0.0
201476564,0,0.0
200022877,0,0.0
202919972,0,0.01
202731079,0,0.0
199512293,0,0.0
201040397,0,0.01
201182156,0,0.01
198054771,0,0.0
200950968,0,0.02
199237282,0,0.0
203034723,0,0.0
197823513,0,0.0
202730033,0,0.0
201933858,0,0.01
199709660,0,0.02
197809778,0,0.01
199608549,0,0.0
202191249,0,0.0
199106824,0,0.02
202325347,0,0.01
200932488,0,0.01
201469750,0,0.0
201204059,0,0.0
202190061,0,0.0
201042462,0,0.15
198229462,0,0.01
201472399,0,0.0
200967681,0,0.0
201182007,0,0.02
202078946,0,0.01
198235748,0,0.0
201472285,0,0.01
197060620,0,0.0
202734180,0,0.0
202480163,0,0.0
201219741,0,0.01
197221101,0,0.02
201620426,0,0.0
202917029,0,0.0
197314182,0,0.0
200184072,0,0.0
202189908,1,0.55
200929516,1,0.67
203034248,0,0.0
201038986,0,0.0
202916759,0,0.05
197557727,0,0.0
201784834,0,0.0
199308337,0,0.01
201943661,0,0.14
199936512,0,0.01
201042450,0,0.04
201780012,0,0.0
200854923,0,0.0
197244827,0,0.0
197599828,0,0.0
199922799,0,0.0
197300210,0,0.01
201066712,0,0.0
202334135,0,0.0
201472271,0,0.0
201187051,0,0.0
199235708,1,0.64
198218779,0,0.0
201783095,0,0.0
202731082,0,0.0
197721880,0,0.0
201469940,0,0.0
201933212,0,0.0
199709685,0,0.01
197238733,0,0.01
201784955,0,0.0
201224551,0,0.0
200554846,0,0.0
202069614,0,0.15
201933186,0,0.01
202917174,0,0.0
197240871,0,0.0
199619751,0,0.0
201181618,0,0.0
200860280,0,0.0
199805015,0,0.0
198293399,0,0.0
202476173,0,0.0
202190334,0,0.0
202191266,0,0.0
201633347,0,0.31
197819879,0,0.01
202602059,0,0.01
198051155,0,0.0
202069657,0,0.01
201325570,0,0.01
199624378,0,0.0
202464034,1,0.94
197813304,0,0.01
200865584,0,0.01
200860307,0,0.08
197059441,0,0.0
201620518,0,0.0
197300251,0,0.02
200444201,0,0.14
201038601,0,0.01
197708501,0,0.03
202327273,0,0.0
202602304,0,0.0
201035254,0,0.0
197557057,0,0.0
201049907,0,0.0
202327277,0,0.0
202188446,0,0.01
197811660,0,0.0
197592902,0,0.0
201621319,0,0.15
197553353,0,0.08
202321386,0,0.0
201623100,0,0.0
203034502,0,0.0
203034522,0,0.0
200864978,0,0.0
200952145,0,0.0
201932693,0,0.02
202477979,0,0.0
197214960,0,0.02
201784156,0,0.0
197553001,0,0.01
198312502,0,0.07
203038266,0,0.21
198459920,1,0.81
199348663,0,0.0
198737256,0,0.0
198643973,0,0.0
202729847,0,0.03
200433747,0,0.02
198300082,0,0.26
202480216,0,0.0
198722054,0,0.0
197812351,0,0.04
203034264,0,0.0
202475734,0,0.0
198232275,0,0.0
202604290,0,0.0
197299567,0,0.01
201108560,0,0.0
202602517,0,0.08
197589159,0,0.0
201182140,0,0.01
202601164,0,0.0
201475425,0,0.01
197333786,0,0.0
202604345,0,0.0
200177556,0,0.02
198229877,0,0.04
201218310,0,0.09
201472308,0,0.0
198235375,0,0.0
197211064,0,0.02
203033721,0,0.0
197995611,0,0.01
201623043,0,0.01
203041099,0,0.0
202916839,0,0.0
199525156,0,0.01
202916957,0,0.0
201469355,1,0.81
203034492,0,0.0
202604397,0,0.0
200181429,1,0.71
200930102,0,0.0
202185937,0,0.0
202071172,0,0.0
201223687,0,0.02
201228783,0,0.0
200857757,0,0.0
199804226,0,0.0
200091243,0,0.0
199601750,0,0.0
202196273,0,0.0
202191277,0,0.0
198289075,0,0.0
201952265,0,0.0
200868224,0,0.06
202729992,0,0.0
200723344,1,0.55
200975604,0,0.0
202917023,1,0.63
197554088,0,0.0
202475953,1,0.98
199623658,0,0.0
198735444,0,0.0
202601157,0,0.0
197758970,0,0.03
200928948,0,0.01
201928771,0,0.02
197555802,0,0.15
197216326,0,0.01
201042709,0,0.0
198943629,0,0.0
201468445,0,0.0
203034284,0,0.0
200907744,0,0.0
201320454,0,0.0
201784853,0,0.0
202335218,0,0.0
203037581,0,0.0
197217554,0,0.02
200179678,0,0.0
198943602,0,0.0
198656561,0,0.01
198068540,0,0.0
201476400,0,0.02
201184934,0,0.0
200636162,0,0.0
202597763,0,0.0
197557008,0,0.0
202916776,0,0.01
197554396,0,0.01
197579143,1,0.67
202731240,0,0.0
197813184,0,0.0
198052438,0,0.0
198933192,0,0.0
201326980,0,0.0
199524113,0,0.0
201319430,0,0.02
197557692,0,0.02
197339785,0,0.01
203039811,1,0.59
197554964,0,0.0
197504778,0,0.01
197058481,0,0.01
197565703,0,0.0
201933857,0,0.03
202919812,0,0.0
201787294,0,0.0
198851364,0,0.0
202461578,0,0.0
202919829,0,0.41
202734194,0,0.0
202324906,0,0.01
197084343,0,0.01
201035210,0,0.13
201933195,0,0.0
202601172,0,0.0
197823169,0,0.03
197324101,0,0.01
198064268,0,0.0
202919793,0,0.0
198063173,0,0.0
198053049,0,0.01
201633399,0,0.0
199106864,0,0.01
201933080,0,0.0
202334358,0,0.0
201317124,0,0.0
198747497,0,0.0
200929098,0,0.03
199498114,0,0.01
202191306,0,0.0
197751491,1,0.68
202730116,0,0.01
197226787,0,0.0
197331894,0,0.01
202334368,0,0.01
202328575,0,0.01
201219106,0,0.04
199503919,0,0.01
198876563,0,0.07
199368550,0,0.01
199711281,0,0.0
200554917,0,0.0
199058330,0,0.0
199660170,1,0.87
201211152,0,0.0
201184948,0,0.0
202919940,0,0.0
202731119,0,0.03
201110048,0,0.0
197814522,0,0.0
198228963,0,0.0
202069553,0,0.17
200498630,0,0.02
201623015,0,0.01
201353072,0,0.0
202075580,1,0.68
201619773,0,0.05
202602355,0,0.0
202919974,0,0.0
197302785,0,0.1
201035598,0,0.0
201038846,0,0.33
200020663,0,0.01
198045709,0,0.0
197578517,0,0.02
198229596,1,0.77
201193119,0,0.0
197059519,0,0.0
201182732,0,0.01
202327241,0,0.0
201784143,0,0.02
200022968,0,0.02
197557679,0,0.03
201784173,0,0.0
201783839,0,0.01
199623787,0,0.0
197811238,0,0.13
197589587,0,0.02
202478056,0,0.0
200444613,0,0.0
199588890,0,0.13
201319835,0,0.0
201317522,1,0.83
197822341,0,0.0
200020640,0,0.0
201321261,1,0.79
197300429,0,0.07
200191458,0,0.02
200806712,0,0.0
198884129,0,0.0
200744195,0,0.0
198671336,0,0.0
202731067,1,0.53
201197781,0,0.01
200860268,0,0.01
197566642,0,0.01
202602509,0,0.01
197083560,0,0.0
197814536,0,0.0
197077399,0,0.0
201785236,0,0.0
197250327,0,0.0
199817956,0,0.03
201320223,0,0.03
199517416,0,0.0
201621511,0,0.03
202194622,1,0.92
197578504,0,0.03
199612809,0,0.0
201184190,0,0.01
200112198,0,0.03
197823512,0,0.0
202920736,0,0.0
201931342,0,0.01
200950970,0,0.0
199802960,0,0.01
201778667,0,0.02
198466831,1,0.56
200090756,0,0.02
201469879,0,0.0
200183011,0,0.01
198293269,0,0.0
201049301,0,0.0
201319707,0,0.0
203037623,0,0.0
202464156,0,0.05
197738589,0,0.0
197565636,0,0.0
198438240,0,0.0
201932993,0,0.01
199722831,0,0.0
197708677,0,0.02
200950061,0,0.0
199369581,0,0.01
202198435,0,0.0
202733753,0,0.01
201321113,0,0.0
197813660,0,0.1
198725317,0,0.01
199581310,0,0.01
202916860,0,0.0
201783687,0,0.0
200860313,0,0.0
200124576,0,0.0
197302879,0,0.0
202917084,0,0.0
198054770,0,0.0
202328728,0,0.0
199868627,0,0.0
199099119,0,0.0
197554256,1,0.67
203034241,0,0.0
203041102,0,0.0
197561706,0,0.0
201467600,0,0.0
201470000,0,0.03
201932956,0,0.0
200953440,0,0.0
202600955,0,0.0
202602275,0,0.0
202069925,0,0.01
199324072,1,0.92
198229198,0,0.0
201182799,0,0.15
197823505,0,0.01
202916896,0,0.0
197557063,0,0.0
202731328,0,0.0
199517471,0,0.02
200022874,0,0.01
201184893,0,0.0
201768023,0,0.01
198073603,0,0.0
197566686,0,0.0
198869352,0,0.04
201042558,0,0.01
197815185,1,0.58
197812076,0,0.0
197552376,0,0.0
199867999,0,0.0
197302890,1,0.57
197071726,0,0.0
202478269,0,0.4
201212829,0,0.0
201100452,0,0.0
200304777,0,0.01
201948451,0,0.0
201184842,0,0.0
197815219,0,0.0
201188018,0,0.0
201943703,0,0.0
201186625,0,0.0
197811586,0,0.0
202069577,1,0.9
199710640,0,0.0
201335763,0,0.0
203034471,0,0.0
202480297,0,0.0
198308280,0,0.02
201037143,0,0.0
200938665,0,0.0
200962296,0,0.02
202069589,1,0.89
201933896,0,0.0
202328594,1,0.58
202919930,0,0.01
202730260,0,0.0
198219969,1,0.82
201045524,0,0.0
199255016,0,0.01
198052480,1,0.61
199298095,0,0.0
197058874,0,0.0
201185033,1,0.73
199946379,1,0.73
201319403,1,0.97
200860222,0,0.01
197554219,0,0.0
198053792,0,0.03
198292803,0,0.01
197813689,0,0.0
197071786,0,0.02
202071319,0,0.0
197977025,0,0.0
200181360,0,0.0
201184927,0,0.0
201104159,0,0.1
198143324,0,0.0
200331612,0,0.0
201035681,0,0.0
201046215,0,0.01
202189934,0,0.0
201621975,1,0.89
197843093,0,0.0
200183013,0,0.0
198082715,0,0.01
199578066,0,0.0
202602511,0,0.0
197574188,0,0.03
200022946,0,0.11
202071256,0,0.01
202327294,0,0.0
200860026,0,0.14
197556455,0,0.0
201038899,0,0.0
201105523,0,0.11
202078921,0,0.01
201469012,0,0.0
197084529,0,0.0
197736105,0,0.05
197071728,0,0.0
197722799,0,0.0
200112716,0,0.03
200931968,0,0.01
197825415,0,0.0
197307445,1,0.62
198053781,0,0.0
197815276,0,0.0
201223215,0,0.01
197557024,0,0.0
202917198,0,0.0
198937171,0,0.0
198293271,0,0.0
201184978,0,0.0
198328087,0,0.23
201036329,0,0.0
201469353,0,0.0
202919925,0,0.02
200856327,0,0.0
202198371,0,0.0
202334736,0,0.02
200633170,0,0.02
202731309,0,0.0
197485690,0,0.0
202335251,0,0.01
199108464,0,0.0
199762936,0,0.0
201188419,0,0.0
200960376,0,0.0
201042466,0,0.0
201182743,0,0.0
202327272,0,0.0
202477468,0,0.0
197757462,0,0.0
198432753,1,0.82
197299562,0,0.0
202069525,0,0.0
202464160,0,0.04
201108960,0,0.0
202916996,0,0.0
197071773,0,0.0
197600020,0,0.01
197812632,1,0.64
198512000,0,0.26
201620523,0,0.0
201352250,1,0.92
201933148,0,0.0
201182672,0,0.0
200974523,0,0.01
201783101,0,0.01
202328699,0,0.03
202188861,0,0.0
202600803,0,0.01
202731292,1,0.74
197071715,0,0.01
201042464,0,0.0
202604367,0,0.0
197555743,0,0.18
201223278,1,0.93
197758239,0,0.02
201472460,0,0.0
197822043,0,0.01
201623325,0,0.01
201932747,0,0.0
202069687,0,0.01
198874182,0,0.01
202191239,0,0.05
200112097,0,0.01
201044565,0,0.0
201469399,0,0.0
201784872,0,0.0
197060441,0,0.01
201933099,0,0.01
199579187,0,0.0
202069632,0,0.01
202328579,0,0.0
202190221,0,0.0
197302911,0,0.0
197321804,0,0.01
201042580,0,0.0
200955244,0,0.01
199716289,0,0.0
202731511,0,0.0
201943784,0,0.0
202198473,0,0.03
200868920,0,0.0
198882074,0,0.0
199516912,0,0.01
198299421,0,0.01
200179670,0,0.0
203034387,0,0.0
202602467,0,0.0
202069603,0,0.01
201933060,0,0.0
200121877,0,0.03
202601197,0,0.01
201225239,0,0.0
197835170,0,0.0
197250360,0,0.0
201318546,0,0.0
197557712,0,0.02
202327901,0,0.0
202325978,0,0.17
197244168,0,0.0
197299226,0,0.0
197302934,0,0.01
199594118,0,0.03
201042113,0,0.0
202078923,0,0.0
201472337,1,0.68
197300515,0,0.0
202190088,0,0.0
201619745,0,0.32
200093127,0,0.05
201619007,0,0.0
197823231,0,0.0
199656917,0,0.0
202069778,0,0.0
197501407,0,0.0
201042116,0,0.0
201470338,0,0.21
201184955,0,0.01
201100998,0,0.0
202601196,0,0.0
199502640,0,0.0
201633395,0,0.0
199804883,0,0.0
202916941,0,0.0
200864619,0,0.0
202070929,0,0.0
201182018,0,0.0
199868581,0,0.01
200931309,0,0.0
199814610,0,0.49
202069549,0,0.01
197598915,0,0.0
199485337,0,0.09
197556758,0,0.03
197822032,0,0.0
199966655,0,0.0
202328726,0,0.0
197300844,0,0.01
197821185,1,0.7
202916857,0,0.0
201943717,0,0.0
200637486,0,0.0
198292618,0,0.01
201184996,0,0.01
200111251,1,0.76
197307455,0,0.05
202917051,0,0.0
197825713,0,0.0
200870675,0,0.0
199918465,0,0.01
201932430,0,0.0
197815269,0,0.01
201318091,1,0.97
199725008,1,0.63
198847445,0,0.01
201633430,0,0.0
201184924,0,0.0
200932058,0,0.01
200520852,0,0.0
198005928,0,0.01
202069836,0,0.0
198051066,0,0.0
202069523,0,0.0
202069752,0,0.0
197223721,0,0.01
201469376,0,0.01
202917016,0,0.0
197061739,0,0.01
197300675,0,0.0
200653550,0,0.15
202916298,0,0.0
201184827,0,0.0
202601060,0,0.0
202480335,0,0.0
198222805,0,0.0
201321103,0,0.01
201180822,0,0.08
200193948,0,0.0
201475648,1,0.55
199578708,0,0.0
199813601,0,0.0
200856846,0,0.0
200020652,0,0.0
200961349,0,0.01
197811326,0,0.0
197554074,0,0.0
199918079,0,0.03
198063455,0,0.01
197451820,0,0.01
201184913,0,0.16
200177562,0,0.0
202916452,0,0.01
201469507,0,0.0
202731280,0,0.0
199511112,0,0.0
201101335,0,0.0
199578585,0,0.0
199868153,0,0.01
197080944,0,0.12
201065900,0,0.0
203041199,0,0.0
198678441,0,0.07
201623678,0,0.0
199198160,0,0.0
201111347,0,0.0
197589007,0,0.01
197822038,0,0.08
199872180,0,0.01
203039739,0,0.0
201063493,0,0.02
201469543,0,0.0
202194879,0,0.01
198047659,0,0.0
199868632,0,0.0
197554919,1,0.87
200955400,0,0.0
202198416,0,0.0
197554903,0,0.01
197488952,0,0.0
199625100,0,0.02
198053729,1,0.65
201629412,0,0.01
202328576,0,0.0
202600449,0,0.0
197498540,0,0.0
201192992,0,0.0
201185840,0,0.01
199812923,0,0.0
200863359,0,0.09
202075140,1,0.97
202601184,0,0.0
201318376,0,0.01
198237305,0,0.0
201195985,0,0.0
197721384,0,0.07
201933026,0,0.01
202326206,1,0.57
197812383,0,0.0
202476177,0,0.0
200933140,0,0.0
197812955,0,0.12
200466137,1,0.83
198058131,1,0.79
203037580,0,0.07
201783940,0,0.01
199624640,0,0.0
202328185,0,0.07
199103711,0,0.01
199592050,0,0.0
201785040,0,0.16
202192157,0,0.0
201930614,0,0.0
198867445,0,0.01
200954361,0,0.08
201933703,0,0.0
198051143,0,0.2
201475828,0,0.0
198881935,0,0.01
201225051,0,0.01
200975607,1,0.84
200310236,0,0.0
202604387,0,0.0
199088620,0,0.03
202190512,0,0.03
198664423,0,0.0
199618244,0,0.0
200232932,0,0.0
202916794,0,0.0
202333533,0,0.25
200193630,0,0.0
202731140,0,0.02
197071711,0,0.19
198511670,0,0.09
202917022,0,0.01
199511009,1,0.93
201188324,0,0.0
202198417,0,0.0
202916923,0,0.0
202604325,0,0.01
199870474,0,0.0
197302864,0,0.0
197084385,0,0.01
199591990,1,0.92
197298608,0,0.0
202335367,0,0.0
202069585,0,0.0
197205402,0,0.0
202729855,0,0.08
201470001,0,0.0
199345520,0,0.0
201476697,0,0.0
200020684,0,0.01
197071826,0,0.0
200933865,0,0.0
202328598,0,0.0
197503615,0,0.0
197209111,0,0.0
197572532,0,0.0
198051501,0,0.01
200954659,0,0.09
199938815,0,0.28
200092419,1,0.97
197811236,0,0.0
199812498,0,0.0
202917166,0,0.01
201633401,0,0.0
197083630,0,0.0
200108054,1,0.57
201221694,0,0.0
199619369,0,0.01
197824318,0,0.0
201042563,0,0.0
197724458,0,0.0
197467945,0,0.0
201035817,0,0.01
199578492,0,0.0
202327254,1,0.69
200927641,0,0.0
201619798,0,0.01
197139547,1,0.61
198054794,0,0.0
197557722,0,0.0
199865006,1,0.85
201468774,0,0.01
201182345,0,0.0
199710537,0,0.13
202069826,0,0.0
200860237,0,0.0
202069564,0,0.0
201470968,0,0.0
201933772,0,0.0
201933815,0,0.0
201933570,0,0.0
200191273,1,0.89
202476178,0,0.0
202919772,0,0.01
197555815,0,0.02
197339346,0,0.02
201470022,0,0.0
202916835,1,0.58
199716314,0,0.0
197071798,0,0.0
197815264,0,0.03
202604263,0,0.0
201316864,1,0.93
201620016,0,0.0
198656421,0,0.0
201472387,0,0.04
201105379,0,0.01
201784913,0,0.0
202191258,0,0.01
200192563,0,0.0
201318059,0,0.0
199096685,0,0.0
197554427,1,0.68
197071735,0,0.0
202729907,0,0.0
201930931,0,0.0
199607654,0,0.01
202464014,0,0.01
201038828,0,0.01
202919918,0,0.01
197307502,0,0.0
201785228,0,0.01
202602385,0,0.0
200860133,0,0.02
201204785,0,0.01
201472269,0,0.01
198288071,0,0.0
198883718,0,0.0
201042340,0,0.02
201783751,0,0.0
201791930,0,0.0
197822746,0,0.0
199961370,1,0.71
200961119,1,0.56
197299216,1,0.74
198962139,0,0.0
197208414,0,0.0
203039249,0,0.0
201067501,0,0.0
197565402,0,0.0
202733209,0,0.0
200182256,0,0.0
201621978,0,0.0
203031594,0,0.0
202916956,0,0.0
202604308,0,0.0
202189915,0,0.0
202731229,0,0.0
200969344,0,0.01
200659826,0,0.01
202916468,0,0.0
201035966,0,0.0
198063733,0,0.0
199872166,0,0.02
203034314,0,0.0
197554279,0,0.0
201623302,0,0.0
202191173,0,0.0
198292771,0,0.21
201633277,0,0.0
201064514,1,0.79
199521887,0,0.0
197823182,1,0.63
202190367,0,0.0
199624882,0,0.01
202734191,0,0.0
201623021,0,0.0
203033730,0,0.0
201933814,1,0.75
200180495,0,0.03
201042562,0,0.0
197557669,0,0.0
199790211,0,0.0
199801268,1,0.93
199869073,0,0.0
202478015,0,0.01
197071753,0,0.0
197071713,0,0.03
197749973,0,0.0
201189239,0,0.0
201316211,0,0.01
197300818,0,0.01
199428349,0,0.0
197542010,0,0.0
199707106,0,0.02
201470323,0,0.03
202730259,0,0.03
202476219,0,0.0
200550343,0,0.0
197218146,0,0.0
200376193,0,0.0
201318019,0,0.0
202328208,0,0.0
200552070,0,0.0
198725320,0,0.0
201035691,0,0.05
202320419,0,0.02
201196759,0,0.0
200195910,1,0.96
198723720,0,0.01
199614165,0,0.0
198725375,0,0.0
199628684,0,0.0
199620735,0,0.0
197822346,0,0.01
199620162,0,0.0
198725377,0,0.0
201320070,0,0.0
199586730,0,0.02
197076455,0,0.19
200113517,0,0.01
199950554,0,0.4
200960891,0,0.0
197578528,0,0.07
197240369,0,0.0
199710655,0,0.0
199489092,0,0.0
198312650,0,0.0
197226450,0,0.0
198722275,0,0.01
203037656,0,0.0
198673127,0,0.0
201943637,0,0.0
198734527,0,0.0
201188948,0,0.0
201225532,0,0.0
201326718,0,0.0
201038905,0,0.0
197071722,0,0.0
200091383,0,0.07
197813714,0,0.05
198732099,0,0.0
201320201,0,0.01
198730713,0,0.02
198515011,1,0.89
203033725,0,0.0
198962027,1,0.86
197170653,0,0.0
200551866,0,0.0
200930253,0,0.01
199599912,0,0.0
200975661,0,0.01
202600516,0,0.0
201785679,0,0.0
197813695,0,0.02
199904361,0,0.0
200018841,0,0.0
202729778,0,0.01
197309041,0,0.01
200023801,0,0.01
198059973,0,0.06
197556740,0,0.02
202071285,0,0.0
199305883,0,0.0
200311196,0,0.13
202069894,0,0.0
199504475,0,0.01
197300572,0,0.0
201035826,0,0.02
201035742,0,0.0
201318058,0,0.01
201038791,0,0.01
201202707,0,0.0
199578074,0,0.0
198410571,0,0.03
197566524,0,0.01
201475422,1,0.66
201334677,0,0.08
201623029,0,0.01
201472281,0,0.01
202916843,0,0.0
202721245,0,0.0
197083444,0,0.0
200473313,0,0.0
201782778,0,0.0
199614672,0,0.0
202070924,0,0.0
200863352,0,0.0
197071839,0,0.0
202916935,0,0.0
202328509,0,0.0
201035960,0,0.0
198861599,0,0.05
200273941,0,0.0
202198436,0,0.04
202478022,0,0.0
199625098,0,0.01
200554786,0,0.01
198523131,0,0.01
197309015,0,0.0
203033191,0,0.0
200023100,0,0.0
197302835,0,0.01
200606811,0,0.0
199797912,0,0.0
202602527,0,0.0
202731193,0,0.13
197823501,0,0.0
197085265,0,0.0
197145470,0,0.02
197305510,0,0.0
199360407,1,0.61
201040106,0,0.0
200020695,1,0.92
200950059,0,0.0
197332429,0,0.01
201193490,0,0.01
197882286,0,0.01
201182036,0,0.0
197487405,0,0.05
202328287,0,0.0
200953857,0,0.01
197814550,0,0.0
202919851,0,0.0
201192080,1,0.74
199875605,0,0.0
201326614,0,0.08
200078872,0,0.0
200091003,0,0.02
200120735,0,0.0
201352719,0,0.0
201320287,0,0.0
201621469,0,0.01
202198386,0,0.01
201040475,0,0.0
201619781,0,0.0
202916295,0,0.0
200955402,0,0.0
197554419,0,0.0
199868589,0,0.0
197302821,0,0.0
199609148,0,0.0
201035965,0,0.0
202733830,0,0.0
200734430,0,0.02
200860245,0,0.0
198798817,0,0.0
201184998,1,0.62
200636991,0,0.0
198054786,0,0.0
201784009,0,0.02
201317346,0,0.25
201470531,0,0.0
198208055,0,0.0
202476953,0,0.0
201317123,0,0.0
203037651,0,0.0
202733833,0,0.0
202191205,0,0.01
201223603,0,0.0
202198487,0,0.0
201783886,0,0.0
201469395,0,0.08
203033724,0,0.01
200949758,0,0.0
202600994,0,0.02
198422659,0,0.0
200180628,0,0.01
201316992,0,0.0
201321132,0,0.0
202478503,0,0.01
197302808,0,0.01
197811881,0,0.0
201318087,0,0.0
200465316,1,0.95
200129812,0,0.0
197811588,0,0.01
197758971,0,0.0
197056839,0,0.01
201470051,1,0.51
197170641,0,0.0
198876275,0,0.0
200181419,0,0.0
199582602,0,0.0
199952529,0,0.01
197811656,0,0.02
201933840,1,0.75
198731108,0,0.0
197071812,1,0.67
201468290,0,0.01
198421978,1,0.87
203034532,0,0.0
199710688,0,0.02
199918264,0,0.0
201619757,0,0.0
201785276,0,0.0
201629653,0,0.0
197080522,0,0.0
202076273,0,0.0
199582591,0,0.31
201191774,0,0.0
198052311,0,0.0
197195866,0,0.01
202601059,0,0.02
201336936,0,0.01
202069628,0,0.0
202190425,0,0.0
198300094,0,0.02
197822281,0,0.0
200019917,0,0.01
201472400,0,0.01
200875117,0,0.0
201105376,0,0.0
202730286,0,0.0
201467489,0,0.08
201112263,0,0.0
201476159,0,0.0
200181008,0,0.0
200518939,0,0.0
202328698,0,0.0
200176717,0,0.0
200177599,0,0.0
202328184,0,0.25
201933202,0,0.0
197224379,0,0.0
198216202,1,0.53
200516734,0,0.02
200182992,0,0.0
198961445,0,0.02
198722905,0,0.02
200109358,0,0.0
202601027,0,0.21
197309017,0,0.01
197331710,0,0.0
202916912,0,0.0
197969673,0,0.0
201182054,0,0.01
202067639,0,0.02
198669638,0,0.0
197301509,0,0.0
200741020,0,0.22
202191312,0,0.01
202328595,0,0.0
200953790,0,0.0
200869273,0,0.14
198187939,0,0.0
202602540,0,0.0
201932957,0,0.04
197071733,0,0.01
199936069,0,0.01
202733802,0,0.01
202599806,0,0.0
197811687,0,0.01
199427710,0,0.0
202482116,0,0.07
197813125,0,0.0
199960116,1,0.55
199798106,0,0.0
202601039,0,0.0
201472329,0,0.0
201619822,0,0.04
202601138,0,0.0
200954157,0,0.0
198054788,1,0.84
197819868,0,0.0
201184849,0,0.0
199868167,0,0.0
197252135,0,0.02
197491392,0,0.12
201110620,0,0.01
199099368,0,0.1
199254921,1,0.85
200949581,0,0.0
201219955,1,0.54
201181944,0,0.0
202476856,0,0.0
201182427,0,0.01
200111421,0,0.0
199799251,0,0.46
198063468,0,0.0
201185283,0,0.0
202069670,0,0.0
201046407,0,0.0
197326649,0,0.0
201031254,0,0.09
202328188,0,0.0
199109750,0,0.01
200930384,0,0.0
201468808,0,0.27
201182152,0,0.0
200016027,0,0.01
197554928,0,0.0
200970598,0,0.0
198735461,0,0.0
201476713,0,0.0
201783124,0,0.0
201620761,0,0.0
201035590,0,0.02
201943731,0,0.01
199485527,0,0.01
197825794,0,0.14
201931479,0,0.0
201318595,0,0.0
200866398,0,0.0
201184919,0,0.01
199936304,0,0.0
202195889,0,0.0
203034468,0,0.0
199819105,0,0.0
200481210,0,0.42
201042723,0,0.03
197821820,0,0.0
202198502,0,0.01
197834398,0,0.01
201225343,0,0.0
201943714,0,0.2
201192123,0,0.0
202602039,0,0.0
201111997,0,0.0
203037554,0,0.0
202189126,0,0.0
201470470,0,0.0
200857689,0,0.0
203034546,0,0.0
199518266,0,0.0
198304370,0,0.0
201319758,0,0.0
201948938,0,0.0
201469093,0,0.0
198010122,1,0.64
200860232,0,0.0
201045077,1,0.8
197707561,0,0.0
202191219,0,0.0
201067677,0,0.0
199652251,0,0.0
197997961,0,0.0
201042518,0,0.01
199089255,1,0.71
201785005,0,0.01
201943653,0,0.0
198725332,0,0.0
197058485,0,0.0
202905666,0,0.0
201042517,0,0.0
202328450,0,0.03
